symbol,company_name
KAHL,Kalanga Hydropower P Ltd
MKJC,Mailun Khola Hydropower Company Pvt. Ltd
MAKAR,Makar Jitumaya Hudropower Pvt.Ltd.
MEHL,Mankamana Engineering HP
MCHL,"Menchhiyam Hydropower P Ltd. Itahari,Sunsari"
DORDI,Dordi Khola Jalvidyut Company Limited
CHL,Chhyandi Hydropower Co. P. Ltd
IHL,Ingwa Hydopower Ltd.
SMJC,Sagarmatha Jalbidhyut Company P.Ltd.
KHPL,Kalinchowk Hydropower Pvt. Ltd.
DHPL,Dibyaswari Hydropower P Ltd
RURU,Ruru Jalbidyut Pariyojana Pvt. Ltd
SGHC,Swaita Ganga Hydropower and Construction Pvt. Ltd.
JOSHI,Joshi Hydropower Co. P. Ltd
SIKLES,Silkes Hydropower Pvt.Ltd
SKHEL,Surya Kund Hydro Electric Pvt. Ltd.
MBJC,Madhya Bhotekoshi Jalbidyut Company Ltd.
AKJCL,Ankhu Khola Jalvidut Co. Ltd
APHL,Apolo Hydropower Pvt.Ltd
SJCL,Sanjen Jalvidyut Co.
SSHL,Shiva Sri Hydropower Pvt. Ltd
BHDC,Bindhyabasini Hydropower Development Co. Pvt Ltd
BHPL,Barahi Hydropower Pvt Ltd
SNORL,Snow River Ltd
MMKJL,Mathillo Mailung Khola Jalbidhyut Ltd
HPPL,Himalaya Power Partner Pvt. Ltd
HDHPC,Himal Dolkha Hydropower Co Ltd
BARUN,Barun Hydropower Development Co. Pvt. Ltd
NGPL,Nyadi Group Pvt Ltd
RHGCL,Rapti Hydro and General Construction Pvt. Ltd.
UMHL,United Modi Hydropower Pvt. Ltd.
UMRH,United Idimardi and R.B. Hydropower Pvt Ltd
SMHL,Himal Hydro and General Construction Ltd.
GLH,Green Life Energy Pvt.Ltd
CKHL,Chirkhuwa Hydropower Company Pvt td
MHCL,Molun Hydropower Co. Pvt. Ltd
PMHPL,Mai Valley Hydropower P Ltd.
RFPL,River Falls Hydropower Development P. Ltd.
SPL,Baneshwor Hydropower P Ltd.
KPCL,Daraundi Kalika Hydro
NHDL,Nepal Hydro Developer Pvt Ltd
