symbol,project_id,fact_type,value_num,value_text,unit,fiscal_year,source
UPCL,,ppa_wet_npr_kwh,4.8,,NPR/kWh,,"CARE Ratings Nepal press release on Universal Power Co Ltd (11 MW Lower Khare), Oct 2024, p.3: Rs 4.80/kWh wet season (mid-Apr to mid-Dec), Rs 8.40/kWh dry season. https://www.careratingsnepal.com/upload/CompanyFiles/PR/202410071042_Universal_Power_Company_Limited_-_Bank_Facilities_Rating_Reaffirmed.pdf Local copy in data/raw/ratings/."
UPCL,,ppa_dry_npr_kwh,8.4,,NPR/kWh,,"CARE Ratings Nepal press release on Universal Power Co Ltd (11 MW Lower Khare), Oct 2024, p.3: Rs 4.80/kWh wet season (mid-Apr to mid-Dec), Rs 8.40/kWh dry season. https://www.careratingsnepal.com/upload/CompanyFiles/PR/202410071042_Universal_Power_Company_Limited_-_Bank_Facilities_Rating_Reaffirmed.pdf Local copy in data/raw/ratings/."
UPCL,,ppa_escalation,,"3% escalation on base tariff 5 times, yearly after 12 months from COD (CARE report p.3)",,,"CARE Ratings Nepal press release on Universal Power Co Ltd (11 MW Lower Khare), Oct 2024, p.3"
UMRH,,ppa_wet_npr_kwh,4.8,,NPR/kWh,,"CARE Ratings Nepal press release on United Idi Mardi & R.B. Hydropower Ltd (7 MW Upper Mardi), Jan 2022, p.3: Rs 4.80/kWh wet season (mid-Apr to mid-Dec), Rs 8.40/kWh dry season. https://www.careratingsnepal.com/upload/CompanyFiles/PR/202201070308_United-Idi-Mardi-R.B-Hydropower-Limited-Reaffirmation-of-Issuer-Rating-and-Ratings-Assigned-to-Bank-Facilities.pdf Local copy in data/raw/ratings/."
UMRH,,ppa_dry_npr_kwh,8.4,,NPR/kWh,,"CARE Ratings Nepal press release on United Idi Mardi & R.B. Hydropower Ltd (7 MW Upper Mardi), Jan 2022, p.3: Rs 4.80/kWh wet season (mid-Apr to mid-Dec), Rs 8.40/kWh dry season. https://www.careratingsnepal.com/upload/CompanyFiles/PR/202201070308_United-Idi-Mardi-R.B-Hydropower-Limited-Reaffirmation-of-Issuer-Rating-and-Ratings-Assigned-to-Bank-Facilities.pdf Local copy in data/raw/ratings/."
UMRH,,ppa_escalation,,3% escalation on base tariff for 5 years; completed 9 months before RCOD so eligible for all five (CARE report p.3),,,"CARE Ratings Nepal press release on United Idi Mardi & R.B. Hydropower Ltd (7 MW Upper Mardi), Jan 2022, p.3"
SPC,,ppa_wet_npr_kwh,4.8,,NPR/kWh,,"ICRA Nepal rationale on Samling Power Co Ltd (9.51 MW Mai Beni), Aug 2020, p.2: standard NPR 4.8 wet / NPR 8.4 dry per unit. https://www.icranepal.com/wp-content/uploads/2020/08/24.-Rationale_Samling-Power-Company-Limited_Surveillance-Rationale.pdf Local copy in data/raw/ratings/."
SPC,,ppa_dry_npr_kwh,8.4,,NPR/kWh,,"ICRA Nepal rationale on Samling Power Co Ltd (9.51 MW Mai Beni), Aug 2020, p.2: standard NPR 4.8 wet / NPR 8.4 dry per unit. https://www.icranepal.com/wp-content/uploads/2020/08/24.-Rationale_Samling-Power-Company-Limited_Surveillance-Rationale.pdf Local copy in data/raw/ratings/."
SPC,,ppa_escalation,,"3% annual escalation on base tariff, five times (ICRA report p.2)",,,"ICRA Nepal rationale on Samling Power Co Ltd (9.51 MW Mai Beni), Aug 2020, p.2"
SANVI,,ppa_wet_npr_kwh,4.8,,NPR/kWh,,"CARE Ratings Nepal press release on Sanvi Energy Ltd (7.6 MW Jogmai Khola + Jogmai Cascade), Dec 2024, p.2: Rs 4.80/kWh wet season (mid-Apr to mid-Dec), Rs 8.40/kWh dry season, both plants. https://www.careratingsnepal.com/upload/CompanyFiles/PR/202412041232_Sanvi_Energy_Limited_-_Issuer_Rating_Reaffirmed.pdf Local copy in data/raw/ratings/."
SANVI,,ppa_dry_npr_kwh,8.4,,NPR/kWh,,"CARE Ratings Nepal press release on Sanvi Energy Ltd (7.6 MW Jogmai Khola + Jogmai Cascade), Dec 2024, p.2: Rs 4.80/kWh wet season (mid-Apr to mid-Dec), Rs 8.40/kWh dry season, both plants. https://www.careratingsnepal.com/upload/CompanyFiles/PR/202412041232_Sanvi_Energy_Limited_-_Issuer_Rating_Reaffirmed.pdf Local copy in data/raw/ratings/."
SANVI,,ppa_escalation,,Same rates for both plants; 3% escalation on base tariff for 5 years (Jogmai Khola) and 8 years (Jogmai Cascade) (CARE report p.2),,,"CARE Ratings Nepal press release on Sanvi Energy Ltd (7.6 MW Jogmai Khola + Jogmai Cascade), Dec 2024, p.2"
AHL,,ppa_wet_npr_kwh,4.8,,NPR/kWh,,"CARE Ratings Nepal press release on Asian Hydropower Ltd (6.2 MW Lower Jogmai), Aug 2022, p.2: Rs 4.80/kWh wet season (mid-Apr to mid-Dec), Rs 8.40/kWh dry season. https://www.careratingsnepal.com/upload/CompanyFiles/PR/202208120359_Asian-Hydropower-Limited-Issuer-Ratings-and-Bank-Facilities-Ratings-Reaffirmed.pdf Local copy in data/raw/ratings/."
AHL,,ppa_dry_npr_kwh,8.4,,NPR/kWh,,"CARE Ratings Nepal press release on Asian Hydropower Ltd (6.2 MW Lower Jogmai), Aug 2022, p.2: Rs 4.80/kWh wet season (mid-Apr to mid-Dec), Rs 8.40/kWh dry season. https://www.careratingsnepal.com/upload/CompanyFiles/PR/202208120359_Asian-Hydropower-Limited-Issuer-Ratings-and-Bank-Facilities-Ratings-Reaffirmed.pdf Local copy in data/raw/ratings/."
AHL,,ppa_escalation,,3% annual escalation on base tariff for 8 years; COD 1 Nov 2021 (CARE report p.2),,,"CARE Ratings Nepal press release on Asian Hydropower Ltd (6.2 MW Lower Jogmai), Aug 2022, p.2"
MHL,,ppa_wet_npr_kwh,4.8,,NPR/kWh,,"CARE Ratings Nepal press release on Mandakini Hydropower Ltd (4 MW Sardi Khola + 2.9 MW Upper Sardi), Oct 2024, p.3: Rs 4.80/kWh wet season, Rs 8.40/kWh dry season, both plants. https://www.careratingsnepal.com/upload/CompanyFiles/PR/202410071040_Mandakini_Hydropower_Limited_-_Issuer_Rating_Reaffirmed.pdf Local copy in data/raw/ratings/."
MHL,,ppa_dry_npr_kwh,8.4,,NPR/kWh,,"CARE Ratings Nepal press release on Mandakini Hydropower Ltd (4 MW Sardi Khola + 2.9 MW Upper Sardi), Oct 2024, p.3: Rs 4.80/kWh wet season, Rs 8.40/kWh dry season, both plants. https://www.careratingsnepal.com/upload/CompanyFiles/PR/202410071040_Mandakini_Hydropower_Limited_-_Issuer_Rating_Reaffirmed.pdf Local copy in data/raw/ratings/."
MHL,,ppa_escalation,,Same rates for both plants; 3% annual escalation on base tariff for 5 years (Sardi Khola) and 8 years (Upper Sardi) (CARE report p.3),,,"CARE Ratings Nepal press release on Mandakini Hydropower Ltd (4 MW Sardi Khola + 2.9 MW Upper Sardi), Oct 2024, p.3"
YMHL,,ppa_wet_npr_kwh,4.8,,NPR/kWh,,"ICRA Nepal rationale on Yambaling Hydropower Ltd (7.27 MW Yambaling Khola), 27 Nov 2025, p.2: NPR 4.8/kWh wet season (mid-Apr to mid-Dec), NPR 8.4/kWh dry season. https://www.icranepal.com/wp-content/uploads/2025/12/B.3-Rationale_Yambaling-Hydropower-Limited_Bank-Loan-Rating-Surveillance_November-27-2025.pdf Local copy in data/raw/ratings/."
YMHL,,ppa_dry_npr_kwh,8.4,,NPR/kWh,,"ICRA Nepal rationale on Yambaling Hydropower Ltd (7.27 MW Yambaling Khola), 27 Nov 2025, p.2: NPR 4.8/kWh wet season (mid-Apr to mid-Dec), NPR 8.4/kWh dry season. https://www.icranepal.com/wp-content/uploads/2025/12/B.3-Rationale_Yambaling-Hydropower-Limited_Bank-Loan-Rating-Surveillance_November-27-2025.pdf Local copy in data/raw/ratings/."
YMHL,,ppa_escalation,,"3% annual escalation on base tariff, five times; eligible for all five (ICRA report p.2)",,,"ICRA Nepal rationale on Yambaling Hydropower Ltd (7.27 MW Yambaling Khola), 27 Nov 2025, p.2"
BJHL,,ppa_wet_npr_kwh,4.8,,NPR/kWh,,"ICRA Nepal rationale on Bhujung Hydropower Ltd (7.5 MW Upper Midim), Jun 2024, p.2: NPR 4.8/kWh wet season (June to November), NPR 8.4/kWh dry season (December to May). https://www.icranepal.com/wp-content/uploads/2024/06/A.736-Bhujung-Hydropower-Limited_IR-and-BLR-Surveillance_June-2024_Final.pdf Local copy in data/raw/ratings/."
BJHL,,ppa_dry_npr_kwh,8.4,,NPR/kWh,,"ICRA Nepal rationale on Bhujung Hydropower Ltd (7.5 MW Upper Midim), Jun 2024, p.2: NPR 4.8/kWh wet season (June to November), NPR 8.4/kWh dry season (December to May). https://www.icranepal.com/wp-content/uploads/2024/06/A.736-Bhujung-Hydropower-Limited_IR-and-BLR-Surveillance_June-2024_Final.pdf Local copy in data/raw/ratings/."
BJHL,,ppa_escalation,,"6-month wet / 6-month dry split; 3% annual escalation for seven years, one escalation lost to delay (ICRA report p.2)",,,"ICRA Nepal rationale on Bhujung Hydropower Ltd (7.5 MW Upper Midim), Jun 2024, p.2"
BHDC,,ppa_wet_npr_kwh,4.8,,NPR/kWh,,"CARE Ratings Nepal press release on Bindhyabasini Hydropower Development Co Ltd (Rudi Khola A 8.8 MW + Rudi Khola B 6.6 MW), Mar 2022, p.3: Rs 4.80/kWh wet season (mid-Apr to mid-Dec), Rs 8.40/kWh dry season, both plants. https://www.careratingsnepal.com/upload/CompanyFiles/PR/202203120310_Bindhyabasini-Hydropower-Development-Company-Limited-Bank-Facilities-Ratings-Reaffirmed-and-Issuer-Rating-of-CARE-NP-BB-Is-Assigned.pdf Local copy in data/raw/ratings/."
BHDC,,ppa_dry_npr_kwh,8.4,,NPR/kWh,,"CARE Ratings Nepal press release on Bindhyabasini Hydropower Development Co Ltd (Rudi Khola A 8.8 MW + Rudi Khola B 6.6 MW), Mar 2022, p.3: Rs 4.80/kWh wet season (mid-Apr to mid-Dec), Rs 8.40/kWh dry season, both plants. https://www.careratingsnepal.com/upload/CompanyFiles/PR/202203120310_Bindhyabasini-Hydropower-Development-Company-Limited-Bank-Facilities-Ratings-Reaffirmed-and-Issuer-Rating-of-CARE-NP-BB-Is-Assigned.pdf Local copy in data/raw/ratings/."
BHDC,,ppa_escalation,,Same rates for Rudi A and Rudi B; 3% escalation on base tariff 5 times yearly (CARE report p.3),,,"CARE Ratings Nepal press release on Bindhyabasini Hydropower Development Co Ltd (Rudi Khola A 8.8 MW + Rudi Khola B 6.6 MW), Mar 2022, p.3"
SIPD,,ppa_wet_npr_kwh,4.8,,NPR/kWh,,"ICRA Nepal rationale on Shikhar Power Development Ltd (Bhim Khola 4.96 MW + Lower Bhim Khola 6.05 MW), Dec 2024, p.2: NPR 4.8/kWh wet season, NPR 8.4/kWh dry season for the entire 11.01 MW. https://www.icranepal.com/wp-content/uploads/2024/12/A.936-Shikhar-Power-Development-Ltd._Issuer-and-BLR-Surveillance_December-2024_Final.pdf Local copy in data/raw/ratings/."
SIPD,,ppa_dry_npr_kwh,8.4,,NPR/kWh,,"ICRA Nepal rationale on Shikhar Power Development Ltd (Bhim Khola 4.96 MW + Lower Bhim Khola 6.05 MW), Dec 2024, p.2: NPR 4.8/kWh wet season, NPR 8.4/kWh dry season for the entire 11.01 MW. https://www.icranepal.com/wp-content/uploads/2024/12/A.936-Shikhar-Power-Development-Ltd._Issuer-and-BLR-Surveillance_December-2024_Final.pdf Local copy in data/raw/ratings/."
SIPD,,ppa_escalation,,"3% annual escalation, eight times on base tariff; 10% reserve-margin clause (ICRA report p.2)",,,"ICRA Nepal rationale on Shikhar Power Development Ltd (Bhim Khola 4.96 MW + Lower Bhim Khola 6.05 MW), Dec 2024, p.2"
